{"LR": {"alpha": 0.020606940744294592, 
    "penalty": "l1"}, 
"CART": {"max_depth": 3}, 
"RF": {"max_depth": 3, 
    "n_estimators": 127}, 
"SVM": {"C": 0.42448279985195175, "kernel": "rbf"}, 
"XGBoost": {"colsample_bytree": 0.4547347988346957, 
    "eval_metric": "logloss", 
    "learning_rate": 0.035241549526882514, 
    "max_depth": 3, "min_child_weight": 4, 
    "n_estimators": 485, 
    "subsample": 0.5711236634900787, 
    "use_label_encoder": false}, 
"KNN": {"n_neighbors": 17}}