{"LR": {"CV_score": -0.9065385224135202, "Accuracy": 0.9980337769039008, "Classification Report": {"precision": {"0.0": 0.9995422776966005, "1.0": 0.4591194968553459, "accuracy": 0.9980337769039008, "macro avg": 0.7293308872759732, "weighted avg": 0.9986030224860517}, "recall": {"0.0": 0.9984875929866521, "1.0": 0.7373737373737373, "accuracy": 0.9980337769039008, "macro avg": 0.8679306651801948, "weighted avg": 0.9980337769039008}, "f1-score": {"0.0": 0.9990146569774603, "1.0": 0.5658914728682171, "accuracy": 0.9980337769039008, "macro avg": 0.7824530649228387, "weighted avg": 0.9982618885489146}, "support": {"0.0": 56863.0, "1.0": 99.0, "accuracy": 0.9980337769039008, "macro avg": 56962.0, "weighted avg": 56962.0}}}, "CART": {"CV_score": -0.9080069641067127, "Accuracy": 0.9819704364313051, "Classification Report": {"precision": {"0.0": 0.9996778350515464, "1.0": 0.07431192660550459, "accuracy": 0.9819704364313051, "macro avg": 0.5369948808285255, "weighted avg": 0.9980695483878731}, "recall": {"0.0": 0.9822555967852558, "1.0": 0.8181818181818182, "accuracy": 0.9819704364313051, "macro avg": 0.900218707483537, "weighted avg": 0.9819704364313051}, "f1-score": {"0.0": 0.9908901405952012, "1.0": 0.13624894869638354, "accuracy": 0.9819704364313051, "macro avg": 0.5635695446457923, "weighted avg": 0.989404773543518}, "support": {"0.0": 56863.0, "1.0": 99.0, "accuracy": 0.9819704364313051, "macro avg": 56962.0, "weighted avg": 56962.0}}}, "RF": {"CV_score": -0.9082531698995832, "Accuracy": 0.9725079877813279, "Classification Report": {"precision": {"0.0": 0.9996927581283548, "1.0": 0.05027590435315757, "accuracy": 0.9725079877813279, "macro avg": 0.5249843312407562, "weighted avg": 0.9980426709031214}, "recall": {"0.0": 0.9727590876316762, "1.0": 0.8282828282828283, "accuracy": 0.9725079877813279, "macro avg": 0.9005209579572522, "weighted avg": 0.9725079877813279}, "f1-score": {"0.0": 0.9860420343333869, "1.0": 0.09479768786127168, "accuracy": 0.9725079877813279, "macro avg": 0.5404198610973293, "weighted avg": 0.9844930509707813}, "support": {"0.0": 56863.0, "1.0": 99.0, "accuracy": 0.9725079877813279, "macro avg": 56962.0, "weighted avg": 56962.0}}}, "XGBoost": {"CV_score": -0.9295060056627332, "Accuracy": 0.9858677714967873, "Classification Report": {"precision": {"0.0": 0.9996612949229892, "1.0": 0.09237875288683603, "accuracy": 0.9858677714967873, "macro avg": 0.5460200239049126, "weighted avg": 0.9980844371641048}, "recall": {"0.0": 0.9861773033431229, "1.0": 0.8080808080808081, "accuracy": 0.9858677714967873, "macro avg": 0.8971290557119656, "weighted avg": 0.9858677714967873}, "f1-score": {"0.0": 0.9928735204808825, "1.0": 0.16580310880829016, "accuracy": 0.9858677714967873, "macro avg": 0.5793383146445863, "weighted avg": 0.9914360714665293}, "support": {"0.0": 56863.0, "1.0": 99.0, "accuracy": 0.9858677714967873, "macro avg": 56962.0, "weighted avg": 56962.0}}}, "KNN": {"CV_score": -0.9058086980989396, "Accuracy": 0.9963484428215301, "Classification Report": {"precision": {"0.0": 0.9995238850976036, "1.0": 0.2845849802371542, "accuracy": 0.9963484428215301, "macro avg": 0.6420544326673789, "weighted avg": 0.9982813207287053}, "recall": {"0.0": 0.9968169108207446, "1.0": 0.7272727272727273, "accuracy": 0.9963484428215301, "macro avg": 0.862044819046736, "weighted avg": 0.9963484428215301}, "f1-score": {"0.0": 0.9981685626738985, "1.0": 0.40909090909090917, "accuracy": 0.9963484428215301, "macro avg": 0.7036297358824039, "weighted avg": 0.9971447452569414}, "support": {"0.0": 56863.0, "1.0": 99.0, "accuracy": 0.9963484428215301, "macro avg": 56962.0, "weighted avg": 56962.0}}}}