{"LR": {"CV_score": -0.8, 
    "Accuracy": 0.75, 
    "Classification Report": {
    "precision": {"0.0": 0.7317073170731707, 
        "1.0": 0.8333333333333334, 
        "accuracy": 0.75, 
        "macro avg": 0.782520325203252, 
        "weighted avg": 0.769308943089431}, 
    "recall": {"0.0": 0.9523809523809523, "1.0": 0.40540540540540543, "accuracy": 0.75, "macro avg": 0.6788931788931789, "weighted avg": 0.75}, "f1-score": {"0.0": 0.8275862068965517, "1.0": 0.5454545454545455, "accuracy": 0.75, "macro avg": 0.6865203761755486, "weighted avg": 0.7231974921630093}, "support": {"0.0": 63.0, "1.0": 37.0, "accuracy": 0.75, "macro avg": 100.0, "weighted avg": 100.0}}}, "CART": {"CV_score": -0.82, "Accuracy": 0.74, "Classification Report": {"precision": {"0.0": 0.7681159420289855, "1.0": 0.6774193548387096, "accuracy": 0.74, "macro avg": 0.7227676484338476, "weighted avg": 0.7345582047685835}, "recall": {"0.0": 0.8412698412698413, "1.0": 0.5675675675675675, "accuracy": 0.74, "macro avg": 0.7044187044187045, "weighted avg": 0.74}, "f1-score": {"0.0": 0.8030303030303031, "1.0": 0.6176470588235294, "accuracy": 0.74, "macro avg": 0.7103386809269163, "weighted avg": 0.7344385026737968}, "support": {"0.0": 63.0, "1.0": 37.0, "accuracy": 0.74, "macro avg": 100.0, "weighted avg": 100.0}}}, "RF": {"CV_score": -0.81, "Accuracy": 0.75, "Classification Report": {"precision": {"0.0": 0.7317073170731707, "1.0": 0.8333333333333334, "accuracy": 0.75, "macro avg": 0.782520325203252, "weighted avg": 0.769308943089431}, "recall": {"0.0": 0.9523809523809523, "1.0": 0.40540540540540543, "accuracy": 0.75, "macro avg": 0.6788931788931789, "weighted avg": 0.75}, "f1-score": {"0.0": 0.8275862068965517, "1.0": 0.5454545454545455, "accuracy": 0.75, "macro avg": 0.6865203761755486, "weighted avg": 0.7231974921630093}, "support": {"0.0": 63.0, "1.0": 37.0, "accuracy": 0.75, "macro avg": 100.0, "weighted avg": 100.0}}}, "SVM": {"CV_score": -0.83, "Accuracy": 0.76, "Classification Report": {"precision": {"0.0": 0.7532467532467533, "1.0": 0.782608695652174, "accuracy": 0.76, "macro avg": 0.7679277244494636, "weighted avg": 0.7641106719367589}, "recall": {"0.0": 0.9206349206349206, "1.0": 0.4864864864864865, "accuracy": 0.76, "macro avg": 0.7035607035607035, "weighted avg": 0.76}, "f1-score": {"0.0": 0.8285714285714286, "1.0": 0.6000000000000001, "accuracy": 0.76, "macro avg": 0.7142857142857144, "weighted avg": 0.7440000000000001}, "support": {"0.0": 63.0, "1.0": 37.0, "accuracy": 0.76, "macro avg": 100.0, "weighted avg": 100.0}}}, "XGBoost": {"CV_score": -0.8, "Accuracy": 0.75, "Classification Report": {"precision": {"0.0": 0.7567567567567568, "1.0": 0.7307692307692307, "accuracy": 0.75, "macro avg": 0.7437629937629937, "weighted avg": 0.7471413721413721}, "recall": {"0.0": 0.8888888888888888, "1.0": 0.5135135135135135, "accuracy": 0.75, "macro avg": 0.7012012012012012, "weighted avg": 0.75}, "f1-score": {"0.0": 0.8175182481751826, "1.0": 0.6031746031746031, "accuracy": 0.75, "macro avg": 0.7103464256748928, "weighted avg": 0.7382110995249681}, "support": {"0.0": 63.0, "1.0": 37.0, "accuracy": 0.75, "macro avg": 100.0, "weighted avg": 100.0}}}, "KNN": {"CV_score": -0.82, "Accuracy": 0.75, "Classification Report": {"precision": {"0.0": 0.75, "1.0": 0.75, "accuracy": 0.75, "macro avg": 0.75, "weighted avg": 0.75}, "recall": {"0.0": 0.9047619047619048, "1.0": 0.4864864864864865, "accuracy": 0.75, "macro avg": 0.6956241956241956, "weighted avg": 0.75}, "f1-score": {"0.0": 0.8201438848920864, "1.0": 0.5901639344262296, "accuracy": 0.75, "macro avg": 0.705153909659158, "weighted avg": 0.7350513032197195}, "support": {"0.0": 63.0, "1.0": 37.0, "accuracy": 0.75, "macro avg": 100.0, "weighted avg": 100.0}}}}